country,position,name,twitter_id,twitter_names,twitter_screen_names
Â Afghanistan,LeaderÂ , Hibatullah Akhundzada,1432394024913100800,Hibatullah Akhundzada (memes),opmemes69
Â Afghanistan,Acting Prime MinisterÂ , Hasan Akhund,1563924151731388416,Akhund,HasanSheikhSaa2
Â Albania,PresidentÂ , Bajram Begaj,2491101036,Bajram Begaj,BajramBegajAL
Â Albania,Prime MinisterÂ , Edi Rama,273410176,Edi Rama,ediramaal
Â Algeria,PresidentÂ , Abdelmadjid Tebboune,1192946702891790336,Ø¹Ø¨Ø¯Ø§Ù„Ù…Ø¬ÙŠØ¯ ØªØ¨ÙˆÙ† - Abdelmadjid Tebboune,TebbouneAmadjid
Â Algeria,Prime MinisterÂ , Aymen Benabderrahmane,1520213787097325568,Aymen Benabderrahmane,AymenBenabderr2
Â Andorra,Prime MinisterÂ , Xavier Espot Zamora,1230460390271782913,Xavier Espot Zamora,XavierEspot
Â Angola,PresidentÂ , JoÃ£o LourenÃ§o,956092082728456192,JoÃ£o LourenÃ§o,jlprdeangola
Â Antigua and Barbuda,Prime MinisterÂ , Gaston Browne,128460976,Gaston Browne,gastonbrowne
Â Argentina,PresidentÂ , Alberto FernÃ¡ndez,149991703,Alberto FernÃ¡ndez,alferdez
Â Armenia,PresidentÂ , Vahagn Khachaturyan,1536337537358344192,Vahagn Khachaturyan,President_Arm
Â Armenia,Prime MinisterÂ , Nikol Pashinyan,33824245,Nikol Pashinyan,NikolPashinyan
Â Australia,Prime MinisterÂ , Anthony Albanese,254515782,Anthony Albanese,AlboMP
Â Austria,PresidentÂ , Alexander Van der Bellen,1522118835075428354,Alexander Van der Bellen,derkandidat_vdb
Â Austria,ChancellorÂ , Karl Nehammer,183542655,Karl Nehammer,karlnehammer
Â Azerbaijan,PresidentÂ , Ilham Aliyev,143742312,Ilham Aliyev,presidentaz
Â Azerbaijan,Prime MinisterÂ , Ali Asadov,1388839420619632640,Ali Asadov,asadoffblog
"Â Bahamas, The",Prime MinisterÂ , Philip Davis,326400496,Phil Davis,PhilDavis6
Â Bahrain,Prime MinisterÂ , Prince Salman bin Hamad Al Khalifa,1307459812196839425,Prince Salman Bin Hamad Bin Isa Al Khalifa,SalmanBinHamad6
Â Bangladesh,PresidentÂ , Abdul Hamid,184725734,Abdul Hamid Ahmad,AbdulHamidAhmad
Â Bangladesh,Prime MinisterÂ , Sheikh Hasina,368059296,Plaid Sheikh Hasina,Plaid_Hasina
Â Barbados,PresidentÂ , Dame Sandra Mason,1467222456985292800,Dame Sandra Mason,DameSandraMason
Â Barbados,Prime MinisterÂ , Mia Mottley,74618166,Mia Amor Mottley,miaamormottley
Â Belarus,PresidentÂ , Alexander Lukashenko,369256353,Plaid Lukashenko,PlaidLukashenko
Â Belgium,KingÂ , Philippe,32515106,Philippe Cousteau,pcousteau
Â Belgium,Prime MinisterÂ , Alexander De Croo,39500950,Alexander De Croo ğŸ‡§ğŸ‡ªğŸ‡ªğŸ‡º,alexanderdecroo
Â Belize,Prime MinisterÂ , Johnny BriceÃ±o,295791565,John BriceÃ±o,JohnBricenoBZE
Â Benin,PresidentÂ , Patrice Talon,790112548850892800,Patrice TALON,PatriceTalonPR
Â Bhutan,KingÂ , Jigme Khesar Namgyel Wangchuck,1468820585736114177,King Jigme Khesar Namgyel Wangchuck,king_jigme
Â Bhutan,Prime MinisterÂ , Lotay Tshering,886636457737109504,Lotay Tshering,lotay666
Â Bolivia,PresidentÂ , Luis Arce,123563308,Luis Santiago Arce,DeportesLSA
Â Bosnia and Herzegovina,High RepresentativeÂ , Christian Schmidt,22805628,Christian M Schmidt,cms_
Presidency[Î³],Prime MinisterÂ , Zoran Tegeltija,917667374676967424,Zoran Tegeltija,ZoranTegeltija
Â Botswana,PresidentÂ , Mokgweetsi Masisi,3236507891,Dr. Mokgweetsi E.K Masisi,OfficialMasisi
Â Brazil,PresidentÂ , Jair Bolsonaro,214930449,Plaid Jair Bolsonaro,Plaid_Bolsonaro
Â Brazil,President-electÂ , Luiz InÃ¡cio Lula da Silva,2670726740,Lula,LulaOficial
Â Brunei,Sultan and Prime MinisterÂ , Hassanal Bolkiah,2322232166,Hassanal Bolkiah,HassanalBolkia2
Â Bulgaria,PresidentÂ , Rumen Radev,824273553394728968,President.bg,PresidentOfBg
Â Burkina Faso,President of the Patriotic Movement for Safeguard and RestorationÂ , Ibrahim TraorÃ©,1008724159621419010,Ibrahim Traore,IbrahimT75
Â Burkina Faso,Interim PresidentÂ , Ibrahim TraorÃ©,1008724159621419010,Ibrahim Traore,IbrahimT75
Â Burundi,Prime MinisterÂ , Gervais Ndirakobuca,1528645656671313921,Gervais Ndirakobuca,GNdirakobuca
Â Cambodia,KingÂ , Norodom Sihamoni,4258525515,Norodom Sihamoni,KingSihamoni
Â Cambodia,Prime MinisterÂ , Hun Sen,248243397,Hun Sen's Eye,HunSensEye
Â Cameroon,Prime MinisterÂ , Joseph Ngute,1269547370179629057,ğŸ‡¨ğŸ‡²ğŸ‡¨ğŸ‡²joseph ngute ğŸ‡¨ğŸ‡²ğŸ‡¨ğŸ‡²,josephngute3
Â Canada,Prime MinisterÂ , Justin Trudeau,14260960,Justin Trudeau,JustinTrudeau
Â Cape Verde,PresidentÂ , JosÃ© Maria Neves,580037845,PresidÃªncia da RepÃºblica de Cabo Verde,PresidenciaCV
Â Cape Verde,Prime MinisterÂ , Ulisses Correia e Silva,1098331596539727872,Ulisses Correia E Silva,UlissesCorreia9
Â Central African Republic,Prime MinisterÂ , FÃ©lix Moloua,1490867881940246530,FÃ©lix Moloua,moloua_felix
Â Chad,Transitional PresidentÂ , Mahamat DÃ©by,1389705439680634882,Mahamat Idriss Deby Itno,GmahamatIdi
Â Chad,Prime MinisterÂ , Saleh Kebzabo,4923318562,Saleh Kebzabo,saleh_kebzabo
Â Chile,PresidentÂ , Gabriel Boric,73981088,Gabriel Boric Font,gabrielboric
Â China,General Secretary of the Communist PartyÂ , Xi Jinping,257338156,Sue-Lin Wong é»„æ·‘ç³,suelinwong
Â China,PresidentÂ , Xi Jinping,257338156,Sue-Lin Wong é»„æ·‘ç³,suelinwong
Â Colombia,PresidentÂ , Gustavo Petro,49849732,Gustavo Petro,petrogustavo
Â Comoros,PresidentÂ , Azali Assoumani,1094656538109792256,Azali Assoumani,Azali_officiel
"Â Congo, Democratic Republic of the",PresidentÂ , FÃ©lix Tshisekedi,1070764465195532293,Felix Tshisekedi - UDPS,FelixUdps
"Â Congo, Democratic Republic of the",Prime MinisterÂ , Jean-Michel Sama Lukonde,1579876806882115585,Jean-Michel Sama Lukonde Kyenge,michel_kyenge
"Â Congo, Republic of the",PresidentÂ , Denis Sassou Nguesso,3334162409,Denis Christel Sassou Nguesso,ChristelSassou
"Â Congo, Republic of the",Prime MinisterÂ , Anatole Collinet Makosso,1361730054733111299,Anatole Collinet Makosso,MakossoAnatole
Â Costa Rica,PresidentÂ , Rodrigo Chaves Robles,1395886639671611400,Rodrigo Chaves Robles,conocearodrigo
Â Cuba,First Secretary of the Communist PartyÂ , Miguel DÃ­az-Canel,1025037163291914240,Miguel DÃ­az-Canel BermÃºdez,DiazCanelB
Â Cuba,PresidentÂ , Miguel DÃ­az-Canel,1025037163291914240,Miguel DÃ­az-Canel BermÃºdez,DiazCanelB
Â Cuba,Prime MinisterÂ , Manuel Marrero Cruz,1068250418050936834,Manuel Marrero Cruz,MMarreroCruz
Â Cyprus,PresidentÂ , Nicos Anastasiades,568981074,Nicos Anastasiades,AnastasiadesCY
Â Czech Republic,Prime MinisterÂ , Petr Fiala,1464550303,Petr Fiala,P_Fiala
Â Denmark,QueenÂ , Margrethe II,4815777447,Queen Margrethe II,DKRPGboon
Â Denmark,Prime MinisterÂ , Mette Frederiksen,1164110663523950592,PM Mette Frederiksen & Danish Person,MettePrime
Â Djibouti,Prime MinisterÂ , Abdoulkader Kamil Mohamed,4826781063,Abdoulkader Kamil Mohamed,A_Kamil_Mohamed
Â Dominica,PresidentÂ , Charles Savarin,1504998500500742146,Jean charles Savarin,SavarinJean
Â Dominica,Prime MinisterÂ , Roosevelt Skerrit,2168930017,Roosevelt Skerrit,SkerritR
Â Dominican Republic,PresidentÂ , Luis Abinader,53387327,Luis Abinader,luisabinader
Â East Timor,PresidentÂ , JosÃ© Ramos-Horta,1056874556277776385,JosÃ© Ramos-Horta,JoseRamosHorta1
Â East Timor,Prime MinisterÂ , Taur Matan Ruak,1012486319375695873,"Taur Matan Ruak, Primeiro-Ministro de Timor-Leste",TaurDe
Â Ecuador,PresidentÂ , Guillermo Lasso,300390462,Guillermo Lasso,LassoGuillermo
Â Egypt,PresidentÂ , Abdel Fattah el-Sisi,2419191913,Abdelfattah Elsisi,AlsisiOfficial
Â Egypt,Prime MinisterÂ , Mostafa Madbouly,1108500922815127552,Mostafa Madbouly,MostafaMadbou10
Â El Salvador,PresidentÂ , Nayib Bukele,20736511,Nayib Bukele,nayibbukele
Â Eritrea,Chairman of the People's Front for Democracy and JusticeÂ , Isaias Afwerki,1277254394694811649,President Isaias AfwerkiğŸ‡ªğŸ‡·,AfeworkiIsayas
Â Eritrea,PresidentÂ , Isaias Afwerki,1277254394694811649,President Isaias AfwerkiğŸ‡ªğŸ‡·,AfeworkiIsayas
Â Estonia,PresidentÂ , Alar Karis,1429508165511614469,Alar Karis,AlarKaris
Â Estonia,Prime MinisterÂ , Kaja Kallas,68964628,Kaja Kallas,kajakallas
Â Eswatini,KingÂ , Mswati III,1339190515041005574,KING MSWATI THE III,NYESH10
Â Eswatini,Prime MinisterÂ , Cleopas Dlamini,3354400259,Cleopas S Dlamini ,cleopas_dlamini
Â Ethiopia,PresidentÂ , Sahle-Work Zewde,2862321934,Sahle-Work Zewde,SahleWorkZewde
Â Ethiopia,Prime MinisterÂ , Abiy Ahmed,1168167671151628290,Abiy Ahmed Ali ğŸ‡ªğŸ‡¹,AbiyAhmedAli
Â Fiji,PresidentÂ , Ratu Wiliame Katonivere,785495438359076865,H.E Ratu Wiliame M. Katonivere,PresidentFiji
Â Fiji,Prime MinisterÂ , Frank Bainimarama,395425451,Frank Bainimarama,FijiPM
Â Finland,PresidentÂ , Sauli NiinistÃ¶,37665086,Sauli NiinistÃ¶,niinisto
Â Finland,Prime MinisterÂ , Sanna Marin,1086378912,Sanna Marin,MarinSanna
Â France,PresidentÂ , Emmanuel Macron[Î±],1976143068,Emmanuel Macron,EmmanuelMacron
Â France,Prime MinisterÂ , Ã‰lisabeth Borne,560628457,Ã‰lisabeth BORNE,Elisabeth_Borne
Â Gabon,Prime MinisterÂ , Rose Christiane Raponda,1317215925372919808,Rose Christiane Ossouka Raponda,OssoukaRaponda
"Â Gambia, The",PresidentÂ , Adama Barrow,850429627310985217,President Barrow,BarrowPresident
Â Georgia,PresidentÂ , Salome Zourabichvili,1026420680227741697,Salome Zourabichvili,Zourabichvili_S
Â Georgia,Prime MinisterÂ , Irakli Garibashvili,390860839,Irakli Garibashvili,GharibashviliGe
Â Germany,PresidentÂ , Frank-Walter Steinmeier,2849702727,ETTC,ETTC_Iraq
Â Germany,ChancellorÂ , Olaf Scholz,38150247,Olaf Scholz,OlafScholz
Â Ghana,PresidentÂ , Nana Akufo-Addo,247217109,Nana Akufo-Addo,NAkufoAddo
Â Greece,PresidentÂ , Katerina Sakellaropoulou,1395712208903016449,Katerina Sakellaropoulou,DieterinaRd2be
Â Greece,Prime MinisterÂ , Kyriakos Mitsotakis,14283525,Kyriakos Mitsotakis,kmitsotakis
Â Grenada,Prime MinisterÂ , Dickon Mitchell,1491080427611770889,dickon mitchell,mitchell_dickon
Â Guatemala,PresidentÂ , Alejandro Giammattei,187793278,Alejandro Giammattei,DrGiammattei
Â Guinea,Chairman of the National Committee of Reconciliation and DevelopmentÂ , Mamady Doumbouya,1435305323758329863,Colonel Mamady Doumbouya,Colonel_Mamady
Â Guinea,Interim PresidentÂ , Mamady Doumbouya,1435305323758329863,Colonel Mamady Doumbouya,Colonel_Mamady
Â Guinea-Bissau,PresidentÂ , Umaro Sissoco EmbalÃ³,1374306903229075461,Umaro Sissoco EmbalÃ³,USEmbalo
Â Guinea-Bissau,Prime MinisterÂ , Nuno Gomes Nabiam,1208846633972228096,Nuno Gomes Nabiam,ENabiam
Â Guyana,Prime MinisterÂ , Mark Phillips,305967569,Mark Phillips,SupremeDreams_1
Â Haiti,Interim PresidentÂ , Ariel Henry,934043284267249665,Dr Henry Ariel,DrAriel_Henry
Â Haiti,Prime MinisterÂ , Ariel Henry,934043284267249665,Dr Henry Ariel,DrAriel_Henry
Â Honduras,PresidentÂ , Xiomara Castro,97157472,Jose Manuel Zelaya Castro,melitozelaya
Â Hungary,PresidentÂ , Katalin NovÃ¡k,1060452602633183232,Katalin NovÃ¡k,KatalinNovakMP
Â Hungary,Prime MinisterÂ , Viktor OrbÃ¡n,1403244506871386112,BalÃ¡zs OrbÃ¡n,BalazsOrban_HU
Â Iceland,PresidentÂ , GuÃ°ni Th. JÃ³hannesson,943103610598150144,President of Iceland,PresidentISL
Â Iceland,Prime MinisterÂ , KatrÃ­n JakobsdÃ³ttir,719555092911931392,KatrÃ­n JakobsdÃ³ttir,katrinjak
Â India,PresidentÂ , Droupadi Murmu,885487044243238912,President of India,rashtrapatibhvn
Â India,Prime MinisterÂ , Narendra Modi,18839785,Narendra Modi,narendramodi
Â Indonesia,PresidentÂ , Joko Widodo,366987179,Joko Widodo,jokowi
Â Iran,PresidentÂ , Ebrahim Raisi,1406681885376499712,Ø³ÛŒØ¯ Ø§Ø¨Ø±Ø§Ù‡ÛŒÙ… Ø±Ø¦ÛŒØ³ÛŒ | Ebrahim Raisi,Raesi_ir
Â Iraq,PresidentÂ , Abdul Latif Rashid,723531302016811008,Rashid Abdul Latif Bukari,RashidLatif1432
Â Ireland,PresidentÂ , Michael D. Higgins,569892832,President of Ireland,PresidentIRL
Â Ireland,TaoiseachÂ , MicheÃ¡l Martin,114007914,MicheÃ¡l Martin,MichealMartinTD
Â Israel,PresidentÂ , Isaac Herzog,2348783658,×™×¦×—×§ ×”×¨×¦×•×’ Isaac Herzog,Isaac_Herzog
Â Israel,Prime MinisterÂ , Yair Lapid,18415241,Yair Zivan,YairZivan
Â Israel,Prime minister-designateÂ , Benjamin Netanyahu,102784614,PA Ben Netanyahu,Plaid_Netanyahu
Â Italy,PresidentÂ , Sergio Mattarella,3028073469,SERGIO MATTARELLA,SERGIOMATTAREL4
Â Italy,Prime MinisterÂ , Giorgia Meloni,130537001,Giorgia Meloni,GiorgiaMeloni
Â Ivory Coast,Prime MinisterÂ , Patrick Achi,1212005232734957568,Patrick Achi,ACHIPatrick4
Â Jamaica,Prime MinisterÂ , Andrew Holness,382671909,Andrew Holness,AndrewHolnessJM
Â Japan,Prime MinisterÂ , Fumio Kishida,1247032696586436609,å²¸ç”°æ–‡é›„,kishida230
Â Jordan,KingÂ , Abdullah II,245452496,PA Abdullah II,PlaidAbdullahII
Â Jordan,Prime MinisterÂ , Bisher Al-Khasawneh,1314197292417605639,Bisher Al-Khasawneh,BisherKhasawneh
Â Kazakhstan,Prime MinisterÂ , Ã„lihan Smaiylov,1177545743420317697,ĞĞ»Ğ¸Ñ…Ğ°Ğ½ Ğ¡Ğ¼Ğ°Ğ¸Ğ»Ğ¾Ğ²,alikhansmailov
Â Kenya,PresidentÂ , William Ruto,333935142,"William Samoei Ruto, PhD",WilliamsRuto
Â Kiribati,PresidentÂ , Taneti Maamau,1411932079,Taneti Maamau,tmaamau
Â Kyrgyzstan,Chairman of the Cabinet of MinistersÂ , Akylbek Japarov,163815876,Akylbek Japarov,Japarov
Â Laos,General Secretary of the People's Revolutionary PartyÂ , Thongloun Sisoulith,178883370,Thongloun Sisoulith,LaotianDreaming
Â Laos,PresidentÂ , Thongloun Sisoulith,178883370,Thongloun Sisoulith,LaotianDreaming
Â Latvia,PresidentÂ , Egils Levits,1035245136790388736,Egils Levits,valstsgriba
Â Lebanon,Acting PresidentÂ , Najib Mikati,107359225,Najib Mikati,Najib_Mikati
Â Lebanon,Prime MinisterÂ , Najib Mikati,107359225,Najib Mikati,Najib_Mikati
Â Lesotho,KingÂ , Letsie III,1211325148776652806,@TheKingLetsie,TheKingLetsie
Â Lesotho,Prime MinisterÂ , Sam Matekane,1530460463741509632,R. Hon. Sam Matekane,MatekaneSam
Â Liberia,PresidentÂ , George Weah,2208781436,George Weah,GeorgeWeahOff
Â Libya,Prime MinisterÂ , Abdul Hamid Dbeibeh,1357772826581884930,Ø¹Ø¨Ø¯Ø§Ù„Ø­Ù…ÙŠØ¯ Ø§Ù„Ø¯Ø¨ÙŠØ¨Ø© Abdulhamid AlDabaiba,Dabaibahamid
Â Liechtenstein,Prince RegnantÂ , Hans-Adam II,1360174363,Hans-Adam II,OMGLichtenstein
Â Liechtenstein,Prime MinisterÂ , Daniel Risch,24941183,Dr. Daniel Risch,DrDanielRisch
Â Lithuania,PresidentÂ , Gitanas NausÄ—da,1067849967811944448,Gitanas NausÄ—da,GitanasNauseda
Â Luxembourg,Grand DukeÂ , Henri,46479088,Bernard-Henri LÃ©vy,BHL
Â Luxembourg,Prime MinisterÂ , Xavier Bettel,173929268,Xavier Bettel,Xavier_Bettel
Â Madagascar,PresidentÂ , Andry Rajoelina,980761908864274432,Andry Rajoelina,SE_Rajoelina
Â Madagascar,Prime MinisterÂ , Christian Ntsay,1405664799078420484,Christian Ntsay,ChristianNtsay
Â Malawi,PresidentÂ , Lazarus Chakwera,1014728560727265280,Dr. Lazarus Chakwera,LAZARUSCHAKWERA
Â Malaysia,Prime MinisterÂ , Ismail Sabri Yaakob,150566521,Ismail Sabri,IsmailSabri60
Â Maldives,PresidentÂ , Ibrahim Mohamed Solih,531018157,Ibrahim Mohamed Solih,ibusolih
Â Mali,Interim PresidentÂ , Assimi GoÃ¯ta,1354776830608347139,Colonel Assimi GOITA,GoitaAssimi
Â Mali,Interim Prime MinisterÂ , Abdoulaye MaÃ¯ga ,2686713615,Ahmar Abdoulaye MAIGA,ahmarmaiga08
Â Malta,PresidentÂ , George Vella,4098752969,President of Malta,presidentmt
Â Malta,Prime MinisterÂ , Robert Abela,1205891201175621633,Robert Abela,RobertAbela_MT
Â Marshall Islands,PresidentÂ , David Kabua,1259103005137223680,fuck you,DavidKabua
Â Mauritania,PresidentÂ , Mohamed Ould Ghazouani,1112445893830213633,Mohamed Ould CHEIKH El GHAZOUANI,MCGhazouani
Â Mauritania,Prime MinisterÂ , Mohamed Ould Bilal,1296411493177741314,Ù…Ø­Ù…Ø¯ ÙˆÙ„Ø¯ Ø¨Ù„Ø§Ù„ Ù…Ø³Ø¹ÙˆØ¯ Mohamed Ould Bilal Messoud,M_BilalMessoud
Â Mauritius,PresidentÂ , Prithvirajsing Roopun,1196551866370400268,P. Roopun,P_Roopun
Â Mauritius,Prime MinisterÂ , Pravind Jugnauth,1495716084330078217,Pravind Kumar Jugnauth,KumarJugnauth
Â Mexico,PresidentÂ , AndrÃ©s Manuel LÃ³pez Obrador,757251338,Plaid AMLO,Plaid_Obrador
Â Federated States of Micronesia,PresidentÂ , David W. Panuelo,1413714973897871360,David W. Panuelo,POTFSM
Â Moldova,PresidentÂ , Maia Sandu,4823433298,Maia Sandu,sandumaiamd
Â Moldova,Prime MinisterÂ , Natalia GavriliÈ›a,4588099096,Natalia Gavrilita,natgavrilita
Â Monaco,Sovereign PrinceÂ , Albert II,73231553,Albert Wilson II,iThinkIsee12
Â Mongolia,PresidentÂ , Ukhnaagiin KhÃ¼relsÃ¼kh,515653963,Ğ£Ñ…Ğ½Ğ°Ğ°Ğ³Ğ¸Ğ¹Ğ½ Ğ¥Ò®Ğ Ğ­Ğ›Ğ¡Ò®Ğ¥,UKhurelsukh
Â Morocco,KingÂ , Mohammed VI,1006909476774055936,UM6P - Mohammed VI Polytechnic University,UM6P_officiel
Â Morocco,Prime MinisterÂ , Aziz Akhannouch,791328933744607232,Aziz Akhannouch,AzizAkhannouch
Â Namibia,Prime MinisterÂ , Saara Kuugongelwa,794906800441040900,Saara A. Kuugongelwa,TheRealSaaraA
Â Nauru,PresidentÂ , Russ Kun,1390103717597253634,Russ J Kun,RussJKun1
Â Â Â Nepal,PresidentÂ , Bidya Devi Bhandari,982929376454078464,Bidya Devi Bhandari,PresidentofNP
Â Â Â Nepal,Prime MinisterÂ , Sher Bahadur Deuba,702338393414443008,Sher Bahadur Deuba,SherBDeuba
Â Netherlands,KingÂ , Willem-Alexander,259026640,Willem-Alexander Coleman ğŸ‡¬ğŸ‡­ğŸ‡³ğŸ‡±,arasmatazz
Â Netherlands,Prime MinisterÂ , Mark Rutte,155507136,Mark Rutte,MinPres
Â New Zealand,Prime MinisterÂ , Jacinda Ardern,22959763,Jacinda Ardern,jacindaardern
Â Nicaragua,PresidentÂ , Daniel Ortega,102142731,Plaid Daniel Ortega,Plaid_Ortega
Â Niger,PresidentÂ , Mohamed Bazoum,1903196666,Mohamed Bazoum,mohamedbazoum
Â Niger,Prime MinisterÂ , Ouhoumoudou Mahamadou,1378659281650778112,Ouhmoudou Mahamadou,Ouhoumoudou_PM
Â Nigeria,PresidentÂ , Muhammadu Buhari,2936714848,Muhammadu Buhari,MBuhari
Â North Korea,General Secretary of the Workers' Party of KoreaÂ , Kim Jong-un,201844483,Plaid Kim Jong-un,Plaid_unKim
Â North Korea,President of the State Affairs CommissionÂ , Kim Jong-un,201844483,Plaid Kim Jong-un,Plaid_unKim
Â North Macedonia,PresidentÂ , Stevo Pendarovski,2377774422,Stevo Pendarovski,SPendarovski
Â Norway,KingÂ , Harald V,2879901075,Harald v Nikolaisen,Haraldvn
Â Norway,Prime MinisterÂ , Jonas Gahr StÃ¸re,63129578,Jonas Gahr StÃ¸re,jonasgahrstore
Â Oman,Sultan and Prime MinisterÂ , Haitham bin Tariq,1227607601002799105,Sultan Haitham Tariq Bin Said,SultanHaithamT1
Â Pakistan,PresidentÂ , Arif Alvi,9959702,Dr. Arif Alvi,ArifAlvi
Â Pakistan,Prime MinisterÂ , Shehbaz Sharif,136932734,Shehbaz Sharif,CMShehbaz
Â Palau,PresidentÂ , Surangel Whipps Jr.,2606809188,"President Surangel Whipps, Jr.",Surangeljr
Â Palestine,PresidentÂ , Mahmoud Abbas,586814503,Mahmoud Abbas (SANUSI),ma_sanusi
Â Palestine,Prime MinisterÂ , Mohammad Shtayyeh,2397555530,Dr. Mohammad Shtayyeh Ø¯. Ù…Ø­Ù…Ø¯ Ø§Ø´ØªÙŠØ©,DrShtayyeh
Â Panama,PresidentÂ , Laurentino Cortizo,389084055,Nito Cortizo,NitoCortizo
Â Papua New Guinea,Prime MinisterÂ , James Marape,1536548949925969921,James Marape,Marape1James
Â Paraguay,PresidentÂ , Mario Abdo BenÃ­tez,448165069,Marito Abdo,MaritoAbdo
Â Peru,Prime MinisterÂ , AnÃ­bal Torres,245158298,AnÃ­bal Torres V.,anibaltorresv
Â Philippines,PresidentÂ , Bongbong Marcos,40204534,Bongbong Marcos,bongbongmarcos
Â Poland,PresidentÂ , Andrzej Duda,202086424,Andrzej Duda,AndrzejDuda
Â Poland,Prime MinisterÂ , Mateusz Morawiecki,939053934232195072,Mateusz Morawiecki,MorawieckiM
Â Portugal,PresidentÂ , Marcelo Rebelo de Sousa,372310161,Plaid Marcelo Rebelo,Plaid_Rebelo
Â Portugal,Prime MinisterÂ , AntÃ³nio Costa,492288571,AntÃ³nio Costa,AC_AntonioCosta
Â Qatar,EmirÂ , Sheikh Tamim bin Hamad Al Thani,778610530151964672,ACE Award,ace_award
Â Romania,PresidentÂ , Klaus Iohannis,2765824141,Klaus Iohannis,KlausIohannis
Â Russia,PresidentÂ , Vladimir Putin,102554270,Plaid Vladimir Putin,Plaid_Putin
Â Russia,Prime MinisterÂ , Mikhail Mishustin,1520786331991154688,Mikhail Mishustin,AnuragS57343533
Â Rwanda,Prime MinisterÂ , Ã‰douard Ngirente,902911260186091520,Edouard Ngirente,EdNgirente
Â Saint Kitts and Nevis,Prime MinisterÂ , Terrance Drew,1465380422162935809,Dr. Terrance Drew,drterrance_drew
Â Saint Lucia,Prime MinisterÂ , Philip J. Pierre,1417943544090828807,Philip J. Pierre,PhilipJPierreLC
Â Saint Vincent and the Grenadines,Prime MinisterÂ , Ralph Gonsalves,3803228357,Ralph Gonsalves,ComradeRalph
Â San Marino,Captain Regent[Î¸]Â , Maria Luisa Berti,1266885674587828224,Maria Luisa Mendes Berti,mendesberti4
Â San Marino,Secretary for Foreign and Political Affairs[3]Â , Luca Beccari,141145288,luca beccari,pon60go
Â San Marino,Captain Regent[Î¸]Â , Manuel Ciavatta,461142853,Manuel Ciavatta,manuelciavatta
Â SÃ£o TomÃ© and PrÃ­ncipe,PresidentÂ , Carlos Vila Nova,1206637759160606720,Carlos JosÃ© Eduardo Vila Nova,CarlosJosEduar8
Â Saudi Arabia,KingÂ , Salman,132385468,Salman Khan,BeingSalmanKhan
Â Saudi Arabia,Prime MinisterÂ , Mohammed bin Salman,816561665915416576,MBSC,mbsckaec
Â Senegal,Prime MinisterÂ , Amadou Ba,120789086,Amadou Mahtar Ba,AMahtarBa
Â Seychelles,PresidentÂ , Wavel Ramkalawan,1224584479974612992,Wavel Ramkalawan,wavelramkalawan
Â Sierra Leone,Chief MinisterÂ , Jacob Jusu Saffa,1217478998521008128,Jacob Jusu Saffa,jj_saffa
Â Singapore,PresidentÂ , Halimah Yacob,165593573,halimah yacob,halimah_yacob
Â Singapore,Prime MinisterÂ , Lee Hsien Loong,34568673,leehsienloong,leehsienloong
Â Slovakia,Prime MinisterÂ , Eduard Heger,962820603995672577,Eduard Heger,eduardheger
Â Slovenia,PresidentÂ , Borut Pahor,634463033,Borut Pahor,BorutPahor
Â Slovenia,Prime MinisterÂ , Robert Golob,1519739568110641159,Robert Golob,NicovadoAvocado
Â Solomon Islands,Prime MinisterÂ , Manasseh Sogavare,1137962935710507008,PMPress_SI,opmcpress
Â Somalia,PresidentÂ , Hassan Sheikh Mohamud,753709234831917056,Hassan Sheikh Mohamud,HassanSMohamud
Â Somalia,Prime MinisterÂ , Hamza Abdi Barre,1537086036358184961,Hamza Abdi Barre,HamzaAbdiBarre
Â South Africa,PresidentÂ , Cyril Ramaphosa,2987156301,Cyril Ramaphosa ğŸ‡¿ğŸ‡¦,CyrilRamaphosa
Â South Korea,PresidentÂ , Yoon Suk-yeol,1527101190840160256,ìœ¤ì„ì—´ Yoon Suk Yeol,President_KR
Â South Sudan,PresidentÂ , Salva Kiir Mayardit,1289194938677288961,The Office of President Salva Kiir Mayardit,StateHouse_J1
Â Spain,KingÂ , Felipe VI,389069179,Felipe VI,LewinMillz
Â Spain,Prime MinisterÂ , Pedro SÃ¡nchez,468417216,Plaid Pedro SÃ¡nchez,Plaid_Sanchez
Â Sri Lanka,PresidentÂ , Ranil Wickremesinghe,2913830408,Ranil Wickremesinghe,RW_UNP
Â Sudan,Acting Prime MinisterÂ , Osman Hussein ,964410518126567426,Osman Hussein Omar,mowzarhussein
Â Suriname,PresidentÂ , Chan Santokhi,1141014455360380928,Chan Santokhi,CSantokhi
Â Sweden,KingÂ , Carl XVI Gustaf,845058564,ğŸ¢ OÄŸlu Oogway ğŸ¢,NousernameSWE
Â Sweden,Prime MinisterÂ , Ulf Kristersson,747426555417198592,SwedishPM,SwedishPM
Â Syria,PresidentÂ , Bashar al-Assad,951427234446888961,President Bashar Al Assad,PresidentBAssad
Â Syria,Prime MinisterÂ , Hussein Arnous,1065235613849436160,Hussein Arnous,hussein_arnous
Â Tajikistan,Prime MinisterÂ , Kokhir Rasulzoda,1184649861049790465,Kokhir Rasulzoda,Tajikistanpo
Â Tanzania,Prime MinisterÂ , Kassim Majaliwa,4582061975,Majaliwa Kassim,majaliwa_kassim
Â Thailand,KingÂ , Maha Vajiralongkorn,2885672398,à¹€à¸£à¸²à¸£à¸±à¸à¸à¸£à¸°à¸£à¸²à¸Šà¸§à¸‡à¸¨à¹Œ,ThaiRoyalFamily
Â Thailand,Prime MinisterÂ , Prayut Chan-o-cha,1040252793339240448,à¸›à¸£à¸°à¸¢à¸¸à¸—à¸˜à¹Œ à¸ˆà¸±à¸™à¸—à¸£à¹Œà¹‚à¸­à¸Šà¸² Prayut Chan-o-cha,prayutofficial
Â Tonga,KingÂ , Tupou VI,3135793402,King Tupou VI,KingTupouVI
Â Tonga,Prime MinisterÂ , Siaosi Sovaleni,19164615,Siaosi Sovaleni - Huakavameiliku,Huakavameiliku
Â Trinidad and Tobago,PresidentÂ , Paula-Mae Weekes,1565736982990430208,Paula Mae Weekes,MaeWeekes
Â Trinidad and Tobago,Prime MinisterÂ , Keith Rowley,562244302,Keith Rowley,DrKeithRowley
Â Tunisia,Prime MinisterÂ , Najla Bouden,1445002558511140868,Najla BOUDEN ROMDHANE,NajlaBouden
Â Tuvalu,Prime MinisterÂ , Kausea Natano,1186478221711200257,Hon. Kausea Natano,TuvaluPM
Â Uganda,Prime MinisterÂ , Robinah Nabbanja,742725800911376384,Rt. Hon. Nabbanja Robinah. PRIME MINISTER,RobinahNabbanja
Â Ukraine,PresidentÂ , Volodymyr Zelenskyy,1498176452084256772,ĞœĞ¸Ñ…Ğ°Ğ¹Ğ»Ğ¾ ĞŸĞ¾Ğ´Ğ¾Ğ»ÑĞº,Podolyak_M
Â Ukraine,Prime MinisterÂ , Denys Shmyhal,1238492109897895937,Denys Shmyhal,Denys_Shmyhal
Â United Arab Emirates,PresidentÂ , Sheikh Mohamed bin Zayed Al Nahyan,471010707,Ù…Ø­Ù…Ø¯ Ø¨Ù† Ø²Ø§ÙŠØ¯,MohamedBinZayed
Â United Arab Emirates,Prime MinisterÂ , Sheikh Mohammed bin Rashid Al Maktoum,277900216,Godolphin,godolphin
Â United Kingdom,KingÂ , Charles III,242653461,King Charles III (parody),Charles_HRH
Â United Kingdom,Prime MinisterÂ , Rishi Sunak,1168968080690749441,Rishi Sunak,RishiSunak
Â United States,PresidentÂ , Joe Biden,939091,Joe Biden,JoeBiden
Â Uruguay,PresidentÂ , Luis Lacalle Pou,189861728,Luis Lacalle Pou,LuisLacallePou
Â Uzbekistan,Prime MinisterÂ , Abdulla Aripov,808245283012354048,Abdulla Aripov,aripov_abdulla
Â Vanuatu,Prime MinisterÂ , Ishmael Kalsakau,1016439490380886016,Alatoi Ishmael Kalsakau,AlatoiK
Â Â Vatican City,SovereignÂ , Pope Francis,500704345,Pope Francis,Pontifex
Â Venezuela,PresidentÂ , NicolÃ¡s Maduro,1252764865,NicolÃ¡s Maduro,NicolasMaduro
Â Zambia,PresidentÂ , Hakainde Hichilema,870019464,Hakainde Hichilema,HHichilema
Â Zimbabwe,PresidentÂ , Emmerson Mnangagwa,447895686,President of Zimbabwe,edmnangagwa
